{
    "iou": {
        "0": 0.5684922454935132,
        "1": 0.7924221101052621,
        "2": 0.6128901615738869,
        "3": 0.675145635381341,
        "4": 0.4618742253099169,
        "5": 0.40909565091133115,
        "6": 0.3903789992602366,
        "7": 0.3952025053091347,
        "8": 0.6771547313779592,
        "9": 0.9269917524313624
    },
    "dice": {
        "0": 0.6767527244307778,
        "1": 0.8636353278861326,
        "2": 0.7325314618647099,
        "3": 0.7972142197191715,
        "4": 0.6152435413428715,
        "5": 0.5676415223628283,
        "6": 0.4968510427564945,
        "7": 0.5421776725910604,
        "8": 0.8034384898841381,
        "9": 0.9318151783339584
    }
}