{
    "mean_iou": 0.6082141417987084,
    "mean_dice": 0.7184674952890251,
    "pixel_accuracy": 0.8890001773834229
}